<application>
  <component name="VimSettings">
    <state version="4" enabled="true" />
    <globalmarks />
    <filemarks>
      <file name="$USER_HOME$/workspace/algorithm/bit_problems.py" timestamp="1546202808218">
        <mark key="[" line="124" column="30" />
        <mark key="]" line="125" column="3" />
        <mark key="^" line="125" column="3" />
        <mark key="." line="125" column="3" />
      </file>
      <file name="/Python Console" timestamp="1563746097779">
        <mark key="[" line="0" column="0" />
      </file>
      <file name="$USER_HOME$/workspace/trading/stocks.py" timestamp="1522613430850">
        <mark key="[" line="5" column="0" />
        <mark key="]" line="5" column="0" />
        <mark key="." line="5" column="0" />
        <mark key="^" line="5" column="0" />
      </file>
      <file name="$USER_HOME$/workspace/algorithm/uber.py" timestamp="1556004073185">
        <mark key="'" line="1133" column="9" />
        <mark key="[" line="530" column="0" />
        <mark key="]" line="530" column="0" />
        <mark key="^" line="264" column="21" />
        <mark key="." line="530" column="0" />
      </file>
      <file name="$USER_HOME$/workspace/algorithm/fb.py" timestamp="1555279330134">
        <mark key="'" line="25" column="4" />
        <mark key="[" line="177" column="28" />
        <mark key="]" line="177" column="28" />
        <mark key="^" line="177" column="28" />
        <mark key="." line="177" column="28" />
      </file>
      <file name="$USER_HOME$/workspace/algorithm/concurrency.py" timestamp="1557023377808">
        <mark key="'" line="86" column="8" />
        <mark key="[" line="47" column="0" />
        <mark key="]" line="47" column="30" />
        <mark key="^" line="35" column="33" />
        <mark key="." line="47" column="0" />
      </file>
      <file name="$USER_HOME$/miniconda3/envs/py35/lib/python3.5/site-packages/pandas/core/frame.py" timestamp="1502065490587">
        <mark key="'" line="738" column="8" />
      </file>
      <file name="$USER_HOME$/workspace/algorithm/daily_codings.py" timestamp="1556138978188">
        <mark key="'" line="160" column="21" />
        <mark key="[" line="228" column="8" />
        <mark key="]" line="228" column="9" />
        <mark key="." line="228" column="9" />
        <mark key="^" line="228" column="9" />
      </file>
      <file name="$USER_HOME$/miniconda3/envs/py36/lib/python3.6/heapq.py" timestamp="1549161551869">
        <mark key="'" line="280" column="4" />
      </file>
      <file name="$USER_HOME$/workspace/algorithm/leetcode_easy.py" timestamp="1549927161527">
        <mark key="'" line="925" column="31" />
        <mark key="[" line="1301" column="0" />
        <mark key="]" line="1301" column="0" />
        <mark key="^" line="925" column="31" />
        <mark key="." line="1301" column="0" />
      </file>
      <file name="$USER_HOME$/workspace/algorithm/triplebyte.py" timestamp="1554125940430">
        <mark key="[" line="60" column="10" />
        <mark key="]" line="60" column="11" />
        <mark key="." line="60" column="11" />
        <mark key="^" line="60" column="11" />
      </file>
      <file name="$USER_HOME$/workspace/algorithm/dropbox.py" timestamp="1557026047347">
        <mark key="'" line="45" column="6" />
        <mark key="[" line="4" column="23" />
        <mark key="]" line="5" column="0" />
        <mark key="^" line="5" column="0" />
        <mark key="." line="5" column="0" />
      </file>
      <file name="$USER_HOME$/workspace/algorithm/array_problems.py" timestamp="1546203052838">
        <mark key="[" line="646" column="0" />
        <mark key="]" line="646" column="0" />
        <mark key="." line="646" column="0" />
        <mark key="^" line="672" column="42" />
      </file>
      <file name="$USER_HOME$/workspace/algorithm/leetcode_medium.py" timestamp="1564056876029">
        <mark key="'" line="1824" column="4" />
        <mark key="[" line="3788" column="70" />
        <mark key="]" line="3788" column="71" />
        <mark key="n" line="381" column="36" />
        <mark key="." line="3788" column="71" />
        <mark key="^" line="3788" column="71" />
      </file>
      <file name="/Dummy.txt" timestamp="1564056952638">
        <mark key="[" line="0" column="0" />
        <mark key="]" line="0" column="0" />
        <mark key="." line="0" column="0" />
      </file>
      <file name="$USER_HOME$/workspace/algorithm/array_list_problems.py" timestamp="1546202275512">
        <mark key="'" line="84" column="4" />
        <mark key="[" line="262" column="23" />
        <mark key="]" line="262" column="23" />
        <mark key="." line="262" column="23" />
        <mark key="^" line="262" column="23" />
      </file>
      <file name="$USER_HOME$/workspace/python-triplebyte-debug-section/webcrawler.py" timestamp="1554130365058">
        <mark key="'" line="71" column="8" />
        <mark key="[" line="99" column="0" />
        <mark key="]" line="99" column="0" />
        <mark key="." line="99" column="0" />
      </file>
      <file name="$USER_HOME$/miniconda3/envs/py36/lib/python3.6/threading.py" timestamp="1557019491449">
        <mark key="'" line="737" column="6" />
      </file>
      <file name="$USER_HOME$/workspace/algorithm/ds.py" timestamp="1553863181931">
        <mark key="'" line="513" column="13" />
        <mark key="[" line="492" column="0" />
        <mark key="]" line="493" column="0" />
        <mark key="." line="493" column="0" />
        <mark key="^" line="493" column="0" />
      </file>
      <file name="$USER_HOME$/miniconda3/envs/py36/lib/python3.6/queue.py" timestamp="1549161842944">
        <mark key="'" line="213" column="19" />
      </file>
      <file name="$USER_HOME$/workspace/algorithm/leetcode_hard.py" timestamp="1558365615217">
        <mark key="'" line="329" column="23" />
        <mark key="[" line="331" column="59" />
        <mark key="]" line="331" column="59" />
        <mark key="." line="331" column="59" />
        <mark key="^" line="331" column="59" />
      </file>
      <file name="$USER_HOME$/miniconda3/envs/py36/lib/python3.6/typing.py" timestamp="1556048001146">
        <mark key="'" line="944" column="16" />
      </file>
      <file name="$USER_HOME$/workspace/algorithm/test/test_sample.py" timestamp="1553865202159">
        <mark key="[" line="0" column="0" />
        <mark key="]" line="3" column="14" />
        <mark key="^" line="3" column="14" />
        <mark key="." line="3" column="14" />
      </file>
      <file name="$USER_HOME$/workspace/interview/subway.py" timestamp="1553958850228">
        <mark key="[" line="22" column="0" />
        <mark key="]" line="22" column="0" />
        <mark key="^" line="26" column="28" />
        <mark key="." line="22" column="0" />
      </file>
      <file name="$USER_HOME$/miniconda3/envs/py36/lib/python3.6/site-packages/IPython/core/interactiveshell.py" timestamp="1556028134679">
        <mark key="'" line="137" column="22" />
      </file>
      <file name="$USER_HOME$/workspace/coincap/coincap.py" timestamp="1494125173379">
        <mark key="[" line="14" column="51" />
        <mark key="]" line="14" column="50" />
        <mark key="." line="14" column="50" />
        <mark key="^" line="14" column="50" />
      </file>
      <file name="$USER_HOME$/workspace/algorithm/two_sigma.py" timestamp="1556131244868">
        <mark key="p" line="273" column="4" />
        <mark key="'" line="275" column="4" />
        <mark key="i" line="273" column="4" />
        <mark key="[" line="290" column="0" />
        <mark key="]" line="290" column="0" />
        <mark key="^" line="264" column="20" />
        <mark key="." line="290" column="0" />
      </file>
    </filemarks>
    <jumps>
      <jump line="973" column="19" filename="$USER_HOME$/workspace/algorithm/uber.py" />
      <jump line="967" column="31" filename="$USER_HOME$/workspace/algorithm/uber.py" />
      <jump line="964" column="20" filename="$USER_HOME$/workspace/algorithm/uber.py" />
      <jump line="962" column="20" filename="$USER_HOME$/workspace/algorithm/uber.py" />
      <jump line="960" column="20" filename="$USER_HOME$/workspace/algorithm/uber.py" />
      <jump line="958" column="20" filename="$USER_HOME$/workspace/algorithm/uber.py" />
      <jump line="934" column="10" filename="$USER_HOME$/workspace/algorithm/uber.py" />
      <jump line="935" column="17" filename="$USER_HOME$/workspace/algorithm/uber.py" />
      <jump line="943" column="4" filename="$USER_HOME$/workspace/algorithm/uber.py" />
      <jump line="955" column="41" filename="$USER_HOME$/workspace/algorithm/uber.py" />
      <jump line="945" column="24" filename="$USER_HOME$/workspace/algorithm/uber.py" />
      <jump line="944" column="17" filename="$USER_HOME$/workspace/algorithm/uber.py" />
      <jump line="1824" column="4" filename="$USER_HOME$/workspace/algorithm/leetcode_medium.py" />
      <jump line="6" column="17" filename="$USER_HOME$/workspace/algorithm/fb.py" />
      <jump line="44" column="16" filename="$USER_HOME$/workspace/algorithm/fb.py" />
      <jump line="13" column="12" filename="$USER_HOME$/workspace/algorithm/fb.py" />
      <jump line="21" column="16" filename="$USER_HOME$/workspace/algorithm/fb.py" />
      <jump line="103" column="8" filename="$USER_HOME$/workspace/algorithm/fb.py" />
      <jump line="464" column="0" filename="$USER_HOME$/workspace/algorithm/uber.py" />
      <jump line="4" column="4" filename="$USER_HOME$/workspace/algorithm/fb.py" />
      <jump line="14" column="18" filename="$USER_HOME$/workspace/algorithm/fb.py" />
      <jump line="26" column="9" filename="$USER_HOME$/workspace/algorithm/fb.py" />
      <jump line="25" column="4" filename="$USER_HOME$/workspace/algorithm/fb.py" />
      <jump line="93" column="4" filename="$USER_HOME$/workspace/algorithm/two_sigma.py" />
      <jump line="102" column="0" filename="$USER_HOME$/workspace/algorithm/two_sigma.py" />
      <jump line="128" column="8" filename="$USER_HOME$/workspace/algorithm/two_sigma.py" />
      <jump line="167" column="6" filename="$USER_HOME$/workspace/algorithm/two_sigma.py" />
      <jump line="169" column="6" filename="$USER_HOME$/workspace/algorithm/two_sigma.py" />
      <jump line="171" column="6" filename="$USER_HOME$/workspace/algorithm/two_sigma.py" />
      <jump line="173" column="6" filename="$USER_HOME$/workspace/algorithm/two_sigma.py" />
      <jump line="124" column="0" filename="$USER_HOME$/workspace/algorithm/two_sigma.py" />
      <jump line="142" column="24" filename="$USER_HOME$/workspace/algorithm/two_sigma.py" />
      <jump line="150" column="4" filename="$USER_HOME$/workspace/algorithm/two_sigma.py" />
      <jump line="160" column="4" filename="$USER_HOME$/workspace/algorithm/two_sigma.py" />
      <jump line="175" column="16" filename="$USER_HOME$/workspace/algorithm/two_sigma.py" />
      <jump line="95" column="4" filename="$USER_HOME$/workspace/algorithm/two_sigma.py" />
      <jump line="39" column="0" filename="$USER_HOME$/workspace/algorithm/two_sigma.py" />
      <jump line="326" column="4" filename="$USER_HOME$/workspace/algorithm/two_sigma.py" />
      <jump line="6" column="17" filename="$USER_HOME$/workspace/algorithm/two_sigma.py" />
      <jump line="5" column="13" filename="$USER_HOME$/workspace/algorithm/two_sigma.py" />
      <jump line="7" column="0" filename="$USER_HOME$/workspace/algorithm/two_sigma.py" />
      <jump line="10" column="7" filename="$USER_HOME$/workspace/algorithm/two_sigma.py" />
      <jump line="248" column="4" filename="$USER_HOME$/workspace/algorithm/two_sigma.py" />
      <jump line="16" column="12" filename="$USER_HOME$/workspace/algorithm/two_sigma.py" />
      <jump line="96" column="22" filename="$USER_HOME$/workspace/algorithm/two_sigma.py" />
      <jump line="4" column="0" filename="$USER_HOME$/workspace/algorithm/two_sigma.py" />
      <jump line="271" column="20" filename="$USER_HOME$/workspace/algorithm/two_sigma.py" />
      <jump line="252" column="12" filename="$USER_HOME$/workspace/algorithm/two_sigma.py" />
      <jump line="255" column="37" filename="$USER_HOME$/workspace/algorithm/two_sigma.py" />
      <jump line="256" column="13" filename="$USER_HOME$/workspace/algorithm/two_sigma.py" />
      <jump line="262" column="37" filename="$USER_HOME$/workspace/algorithm/two_sigma.py" />
      <jump line="263" column="17" filename="$USER_HOME$/workspace/algorithm/two_sigma.py" />
      <jump line="146" column="12" filename="$USER_HOME$/workspace/algorithm/two_sigma.py" />
      <jump line="194" column="8" filename="$USER_HOME$/workspace/algorithm/two_sigma.py" />
      <jump line="45" column="4" filename="$USER_HOME$/workspace/algorithm/two_sigma.py" />
      <jump line="238" column="14" filename="$USER_HOME$/workspace/algorithm/two_sigma.py" />
      <jump line="239" column="34" filename="$USER_HOME$/workspace/algorithm/two_sigma.py" />
      <jump line="240" column="24" filename="$USER_HOME$/workspace/algorithm/two_sigma.py" />
      <jump line="242" column="23" filename="$USER_HOME$/workspace/algorithm/two_sigma.py" />
      <jump line="243" column="11" filename="$USER_HOME$/workspace/algorithm/two_sigma.py" />
      <jump line="244" column="19" filename="$USER_HOME$/workspace/algorithm/two_sigma.py" />
      <jump line="245" column="11" filename="$USER_HOME$/workspace/algorithm/two_sigma.py" />
      <jump line="246" column="26" filename="$USER_HOME$/workspace/algorithm/two_sigma.py" />
      <jump line="249" column="24" filename="$USER_HOME$/workspace/algorithm/two_sigma.py" />
      <jump line="250" column="23" filename="$USER_HOME$/workspace/algorithm/two_sigma.py" />
      <jump line="275" column="4" filename="$USER_HOME$/workspace/algorithm/two_sigma.py" />
      <jump line="268" column="21" filename="$USER_HOME$/workspace/algorithm/uber.py" />
      <jump line="27" column="20" filename="$USER_HOME$/workspace/algorithm/dropbox.py" />
      <jump line="56" column="11" filename="$USER_HOME$/workspace/algorithm/dropbox.py" />
      <jump line="131" column="0" filename="$USER_HOME$/workspace/algorithm/dropbox.py" />
      <jump line="1133" column="9" filename="$USER_HOME$/workspace/algorithm/uber.py" />
      <jump line="94" column="25" filename="$USER_HOME$/workspace/algorithm/dropbox.py" />
      <jump line="3200" column="12" filename="$USER_HOME$/miniconda3/envs/py36/lib/python3.6/site-packages/IPython/core/interactiveshell.py" />
      <jump line="128" column="4" filename="$USER_HOME$/miniconda3/envs/py36/lib/python3.6/site-packages/IPython/core/interactiveshell.py" />
      <jump line="137" column="22" filename="$USER_HOME$/miniconda3/envs/py36/lib/python3.6/site-packages/IPython/core/interactiveshell.py" />
      <jump line="5" column="8" filename="$USER_HOME$/workspace/algorithm/dropbox.py" />
      <jump line="111" column="0" filename="$USER_HOME$/workspace/algorithm/dropbox.py" />
      <jump line="548" column="0" filename="$USER_HOME$/miniconda3/envs/py36/lib/python3.6/typing.py" />
      <jump line="41" column="5" filename="$USER_HOME$/miniconda3/envs/py36/lib/python3.6/typing.py" />
      <jump line="58" column="4" filename="$USER_HOME$/miniconda3/envs/py36/lib/python3.6/typing.py" />
      <jump line="136" column="36" filename="$USER_HOME$/miniconda3/envs/py36/lib/python3.6/typing.py" />
      <jump line="944" column="16" filename="$USER_HOME$/miniconda3/envs/py36/lib/python3.6/typing.py" />
      <jump line="160" column="21" filename="$USER_HOME$/workspace/algorithm/daily_codings.py" />
      <jump line="244" column="4" filename="$USER_HOME$/miniconda3/envs/py36/lib/python3.6/threading.py" />
      <jump line="273" column="8" filename="$USER_HOME$/miniconda3/envs/py36/lib/python3.6/threading.py" />
      <jump line="277" column="8" filename="$USER_HOME$/miniconda3/envs/py36/lib/python3.6/threading.py" />
      <jump line="287" column="8" filename="$USER_HOME$/miniconda3/envs/py36/lib/python3.6/threading.py" />
      <jump line="293" column="12" filename="$USER_HOME$/miniconda3/envs/py36/lib/python3.6/threading.py" />
      <jump line="10" column="20" filename="$USER_HOME$/workspace/algorithm/concurrency.py" />
      <jump line="20" column="15" filename="$USER_HOME$/workspace/algorithm/concurrency.py" />
      <jump line="5" column="23" filename="$USER_HOME$/workspace/algorithm/concurrency.py" />
      <jump line="25" column="8" filename="$USER_HOME$/workspace/algorithm/concurrency.py" />
      <jump line="16" column="27" filename="$USER_HOME$/workspace/algorithm/concurrency.py" />
      <jump line="32" column="16" filename="$USER_HOME$/workspace/algorithm/concurrency.py" />
      <jump line="33" column="18" filename="$USER_HOME$/workspace/algorithm/concurrency.py" />
      <jump line="737" column="6" filename="$USER_HOME$/miniconda3/envs/py36/lib/python3.6/threading.py" />
      <jump line="80" column="22" filename="$USER_HOME$/workspace/algorithm/concurrency.py" />
      <jump line="77" column="23" filename="$USER_HOME$/workspace/algorithm/concurrency.py" />
      <jump line="84" column="8" filename="$USER_HOME$/workspace/algorithm/concurrency.py" />
      <jump line="45" column="6" filename="$USER_HOME$/workspace/algorithm/dropbox.py" />
    </jumps>
    <registers>
      <register name="&quot;" type="2">
        <text encoding="base64">ICAgICAgICAgICAgcGFzcwo=</text>
      </register>
      <register name="-" type="4">
        <text>dest</text>
      </register>
      <register name="/" type="4">
        <text>Phone</text>
      </register>
      <register name="0" type="2">
        <text encoding="base64">ICAgIG1pbl9jb3N0ID0gZmxvYXQoJ21heCcpCg==</text>
      </register>
      <register name="1" type="2">
        <text encoding="base64">ICAgICAgICAgICAgcGFzcwo=</text>
      </register>
      <register name="2" type="2">
        <text encoding="base64">Cg==</text>
      </register>
      <register name="3" type="2">
        <text encoding="base64">ICAgICAgICAK</text>
      </register>
      <register name="4" type="2">
        <text encoding="base64">ICAgICAgICBwYXNzCg==</text>
      </register>
      <register name="5" type="2">
        <text encoding="base64">ICAgICAgICAK</text>
      </register>
      <register name="6" type="2">
        <text encoding="base64">ICAgICAgICAK</text>
      </register>
      <register name="7" type="2">
        <text encoding="base64">Cg==</text>
      </register>
      <register name="8" type="2">
        <text encoding="base64">ICAgICAgICAK</text>
      </register>
      <register name="9" type="2">
        <text encoding="base64">ICAgICAgICBwYXNzCg==</text>
      </register>
      <register name=":" type="4">
        <text>w</text>
      </register>
    </registers>
    <search>
      <last-search>Phone</last-search>
      <last-offset />
      <last-pattern>Phone</last-pattern>
      <last-dir>1</last-dir>
      <show-last>false</show-last>
    </search>
    <history>
      <history-search>
        <entry>ContextMan</entry>
        <entry>cls, name</entry>
        <entry>expression</entry>
        <entry>Rlock</entry>
        <entry>name__ == '__main__'</entry>
        <entry>When</entry>
        <entry>waiter</entry>
        <entry>timeotu</entry>
        <entry>timeout</entry>
        <entry>predicate</entry>
        <entry>read_acquire</entry>
        <entry>rsize == 0</entry>
        <entry>max_read</entry>
        <entry>read_release</entry>
        <entry>self.wlock.release</entry>
        <entry>self.rlock.notify_lal</entry>
        <entry>self.rlock.release</entry>
        <entry>rele</entry>
        <entry>consu</entry>
        <entry>Phone</entry>
      </history-search>
      <history-cmd>
        <entry>x</entry>
        <entry>wj</entry>
        <entry>wbb</entry>
        <entry>3</entry>
        <entry>wb</entry>
        <entry encoding="base64">JzwsJz53</entry>
        <entry>w'</entry>
        <entry encoding="base64">JzwsJz54</entry>
        <entry>s</entry>
        <entry>wjj:</entry>
        <entry>wkk</entry>
        <entry>W</entry>
        <entry>w</entry>
      </history-cmd>
      <history-expr />
      <history-input />
    </history>
    <shortcut-conflicts>
      <shortcut-conflict owner="ide">
        <text>ctrl pressed W</text>
      </shortcut-conflict>
      <shortcut-conflict owner="vim">
        <text>ctrl pressed D</text>
      </shortcut-conflict>
      <shortcut-conflict owner="vim">
        <text>ctrl pressed U</text>
      </shortcut-conflict>
      <shortcut-conflict owner="ide">
        <text>ctrl pressed V</text>
      </shortcut-conflict>
      <shortcut-conflict owner="vim">
        <text>ctrl pressed P</text>
      </shortcut-conflict>
      <shortcut-conflict owner="ide">
        <text>ctrl pressed Q</text>
      </shortcut-conflict>
      <shortcut-conflict owner="ide">
        <text>ctrl pressed S</text>
      </shortcut-conflict>
      <shortcut-conflict owner="ide">
        <text>ctrl pressed A</text>
      </shortcut-conflict>
      <shortcut-conflict owner="ide">
        <text>ctrl pressed C</text>
      </shortcut-conflict>
      <shortcut-conflict owner="ide">
        <text>ctrl pressed I</text>
      </shortcut-conflict>
      <shortcut-conflict owner="ide">
        <text>ctrl pressed N</text>
      </shortcut-conflict>
      <shortcut-conflict owner="ide">
        <text>ctrl pressed OPEN_BRACKET</text>
      </shortcut-conflict>
      <shortcut-conflict owner="ide">
        <text>ctrl pressed CLOSE_BRACKET</text>
      </shortcut-conflict>
      <shortcut-conflict owner="vim">
        <text>ctrl pressed E</text>
      </shortcut-conflict>
      <shortcut-conflict owner="vim">
        <text>ctrl pressed Y</text>
      </shortcut-conflict>
      <shortcut-conflict owner="ide">
        <text>ctrl pressed G</text>
      </shortcut-conflict>
      <shortcut-conflict owner="ide">
        <text>ctrl pressed H</text>
      </shortcut-conflict>
      <shortcut-conflict owner="ide">
        <text>ctrl pressed F</text>
      </shortcut-conflict>
      <shortcut-conflict owner="ide">
        <text>ctrl pressed R</text>
      </shortcut-conflict>
      <shortcut-conflict owner="ide">
        <text>ctrl pressed X</text>
      </shortcut-conflict>
      <shortcut-conflict owner="ide">
        <text>ctrl pressed O</text>
      </shortcut-conflict>
      <shortcut-conflict owner="ide">
        <text>ctrl pressed T</text>
      </shortcut-conflict>
      <shortcut-conflict owner="ide">
        <text>ctrl pressed 2</text>
      </shortcut-conflict>
    </shortcut-conflicts>
  </component>
</application>