<keymap version="1" name="Eclipse copy" parent="Eclipse">
  <action id="ActivateDebugToolWindow">
    <keyboard-shortcut first-keystroke="alt 2" />
  </action>
  <action id="ActivateFavoritesToolWindow" />
  <action id="ActivatePythonConsoleToolWindow">
    <keyboard-shortcut first-keystroke="alt 5" />
  </action>
  <action id="ActivateRunToolWindow">
    <keyboard-shortcut first-keystroke="alt 3" />
  </action>
  <action id="Back">
    <keyboard-shortcut first-keystroke="alt left" />
    <mouse-shortcut keystroke="button4" />
    <keyboard-shortcut first-keystroke="alt open_bracket" />
  </action>
  <action id="CheckinFiles">
    <keyboard-shortcut first-keystroke="alt c" />
  </action>
  <action id="ChooseDebugConfiguration">
    <keyboard-shortcut first-keystroke="shift meta d" />
  </action>
  <action id="ChooseRunConfiguration">
    <keyboard-shortcut first-keystroke="shift meta x" />
  </action>
  <action id="CloseAllEditors">
    <keyboard-shortcut first-keystroke="shift ctrl w" />
  </action>
  <action id="CloseContent">
    <keyboard-shortcut first-keystroke="meta w" />
  </action>
  <action id="CollapseAllRegions">
    <keyboard-shortcut first-keystroke="shift meta minus" />
  </action>
  <action id="Console.History.Next">
    <keyboard-shortcut first-keystroke="meta p" />
    <keyboard-shortcut first-keystroke="ctrl p" />
  </action>
  <action id="Console.History.Previous">
    <keyboard-shortcut first-keystroke="meta n" />
    <keyboard-shortcut first-keystroke="ctrl n" />
  </action>
  <action id="CreateRunConfiguration">
    <keyboard-shortcut first-keystroke="f9" />
  </action>
  <action id="Debug">
    <keyboard-shortcut first-keystroke="shift alt d" />
  </action>
  <action id="Debugger.FocusOnBreakpoint">
    <keyboard-shortcut first-keystroke="meta e" />
  </action>
  <action id="EditorCodeBlockEnd" />
  <action id="EditorCodeBlockStart" />
  <action id="EditorDeleteToWordStart">
    <keyboard-shortcut first-keystroke="ctrl back_space" />
    <keyboard-shortcut first-keystroke="alt back_space" />
  </action>
  <action id="ExpandAllRegions">
    <keyboard-shortcut first-keystroke="shift meta equals" />
  </action>
  <action id="ExpandToLevel4">
    <keyboard-shortcut first-keystroke="shift ctrl equals" />
  </action>
  <action id="FileChooser.NewFolder" />
  <action id="FileChooser.TogglePathShowing" />
  <action id="FindInPath" />
  <action id="FindUsages">
    <keyboard-shortcut first-keystroke="ctrl g" />
    <keyboard-shortcut first-keystroke="meta g" />
  </action>
  <action id="FindWordAtCaret">
    <keyboard-shortcut first-keystroke="ctrl l" />
  </action>
  <action id="Forward">
    <keyboard-shortcut first-keystroke="alt right" />
    <mouse-shortcut keystroke="button5" />
    <keyboard-shortcut first-keystroke="alt close_bracket" />
  </action>
  <action id="Git.Branches">
    <keyboard-shortcut first-keystroke="alt b" />
  </action>
  <action id="Git.Pull">
    <keyboard-shortcut first-keystroke="alt u" />
  </action>
  <action id="Git.Stash">
    <keyboard-shortcut first-keystroke="alt t" />
  </action>
  <action id="Git.Unstash">
    <keyboard-shortcut first-keystroke="alt h" />
  </action>
  <action id="GotoLine" />
  <action id="NextTab">
    <keyboard-shortcut first-keystroke="ctrl close_bracket" />
  </action>
  <action id="PreviousTab">
    <keyboard-shortcut first-keystroke="ctrl open_bracket" />
  </action>
  <action id="Print" />
  <action id="ReopenClosedTab">
    <keyboard-shortcut first-keystroke="shift ctrl meta w" />
  </action>
  <action id="Resume">
    <keyboard-shortcut first-keystroke="f8" />
  </action>
  <action id="Run">
    <keyboard-shortcut first-keystroke="shift alt x" />
  </action>
  <action id="RunConfiguration">
    <keyboard-shortcut first-keystroke="f10" />
  </action>
  <action id="SearchEverywhere">
    <keyboard-shortcut first-keystroke="ctrl h" />
  </action>
  <action id="ShowExecutionPoint" />
  <action id="ShowPopupMenu">
    <keyboard-shortcut first-keystroke="shift alt s" />
    <keyboard-shortcut first-keystroke="ctrl f10" />
    <keyboard-shortcut first-keystroke="shift alt t" />
  </action>
  <action id="StepOut">
    <keyboard-shortcut first-keystroke="f7" />
  </action>
  <action id="SwitchApply">
    <keyboard-shortcut first-keystroke="ctrl alt enter" />
  </action>
  <action id="SwitchDown">
    <keyboard-shortcut first-keystroke="ctrl alt down" />
  </action>
  <action id="SwitchLeft">
    <keyboard-shortcut first-keystroke="ctrl alt left" />
  </action>
  <action id="SwitchRight">
    <keyboard-shortcut first-keystroke="ctrl alt right" />
  </action>
  <action id="SwitchUp">
    <keyboard-shortcut first-keystroke="ctrl alt up" />
  </action>
  <action id="TabShiftActions.MoveFocusLeft">
    <keyboard-shortcut first-keystroke="shift ctrl meta open_bracket" />
  </action>
  <action id="TabShiftActions.MoveFocusRight">
    <keyboard-shortcut first-keystroke="shift ctrl meta close_bracket" />
  </action>
  <action id="TabShiftActions.ShiftLeft">
    <keyboard-shortcut first-keystroke="shift alt open_bracket" />
    <keyboard-shortcut first-keystroke="shift meta open_bracket" />
  </action>
  <action id="TabShiftActions.ShiftRight">
    <keyboard-shortcut first-keystroke="shift alt close_bracket" />
    <keyboard-shortcut first-keystroke="shift meta close_bracket" />
  </action>
  <action id="ToggleLineBreakpoint">
    <keyboard-shortcut first-keystroke="meta b" />
  </action>
  <action id="Vcs.Log.FocusTextFilter" />
  <action id="Vcs.Push">
    <keyboard-shortcut first-keystroke="shift meta alt s" />
    <keyboard-shortcut first-keystroke="alt p" />
  </action>
  <action id="Vcs.ShowTabbedFileHistory">
    <keyboard-shortcut first-keystroke="shift ctrl meta h" />
  </action>
  <action id="com.jetbrains.python.console.PyOpenDebugConsoleAction">
    <keyboard-shortcut first-keystroke="meta d" />
  </action>
  <action id="com.jetbrains.python.console.RunPythonConsoleAction">
    <keyboard-shortcut first-keystroke="alt d" />
    <keyboard-shortcut first-keystroke="meta d" />
  </action>
</keymap>